rank,subscribers,video_views,category,uploads,country,channel_type,video_views_rank,country_rank,channel_type_rank,video_views_for_the_last_30_days,lowest_monthly_earnings,highest_monthly_earnings,lowest_yearly_earnings,highest_yearly_earnings,subscribers_for_last_30_days,created_year,created_month,created_date,education_enrollment,population,unemployment_rate,urban_population,latitude,longitude
9,106000000,90479060027,People & Blogs,493,Russia,People,630.0,5.0,25.0,48947000.0,12200.0,195800.0,146800.0,2300000.0,100000.0,2016,1,14.0,81.9,144373535.0,4.59,107683889.0,61.52401,105.318756
10,98900000,77180169894,Entertainment,574,United States,Entertainment,8.0,5.0,6.0,580574000.0,145100.0,2300000.0,1700000.0,27900000.0,600000.0,2018,4,23.0,88.2,328239523.0,14.7,270663028.0,37.09024,-95.712891
11,96700000,57856289381,Music,8548,India,Music,12.0,3.0,2.0,803613000.0,200900.0,3200000.0,2400000.0,38600000.0,1100000.0,2014,3,12.0,28.1,1366417754.0,5.36,471031528.0,20.593684,78.96288
14,89800000,32144597566,People & Blogs,543,South Korea,Music,32.0,1.0,3.0,498930000.0,124700.0,2000000.0,1500000.0,23900000.0,700000.0,2016,6,29.0,94.3,51709098.0,4.15,42106719.0,35.907757,127.766922
25,65900000,45757850229,Education,633,India,Education,18.0,7.0,3.0,420292000.0,105100.0,1700000.0,1300000.0,20200000.0,500000.0,2013,2,9.0,28.1,1366417754.0,5.36,471031528.0,20.593684,78.96288
33,58000000,40602020243,Music,19487,India,Music,21.0,12.0,12.0,232025000.0,58000.0,928100.0,696100.0,11100000.0,500000.0,2014,10,29.0,28.1,1366417754.0,5.36,471031528.0,20.593684,78.96288
37,56400000,14696003229,Entertainment,436,United States,Music,233.0,11.0,15.0,112100000.0,28000.0,448400.0,336300.0,5400000.0,100000.0,2015,4,6.0,88.2,328239523.0,14.7,270663028.0,37.09024,-95.712891
41,53300000,30516172739,Education,577,India,Education,37.0,16.0,4.0,815949000.0,204000.0,3300000.0,2400000.0,39200000.0,1600000.0,2014,6,6.0,28.1,1366417754.0,5.36,471031528.0,20.593684,78.96288
44,52200000,9877365274,Education,847,United States,Education,450.0,15.0,5.0,266747000.0,66700.0,1100000.0,800200.0,12800000.0,600000.0,2013,10,25.0,88.2,328239523.0,14.7,270663028.0,37.09024,-95.712891
45,48100000,14631710289,Gaming,2052,Chile,Games,237.0,1.0,2.0,66388000.0,16600.0,265600.0,199200.0,3200000.0,200000.0,2013,5,19.0,88.5,18952038.0,7.09,16610135.0,-35.675147,-71.542969
46,47900000,13626331061,Music,65,United States,Music,263.0,16.0,21.0,146862000.0,36700.0,587400.0,440600.0,7000000.0,200000.0,2013,2,6.0,88.2,328239523.0,14.7,270663028.0,37.09024,-95.712891
54,45500000,21388725229,Entertainment,4660,India,Entertainment,105.0,18.0,13.0,233988000.0,58500.0,936000.0,702000.0,11200000.0,400000.0,2016,11,23.0,28.1,1366417754.0,5.36,471031528.0,20.593684,78.96288
56,44700000,7828610828,Entertainment,1558,Brazil,Entertainment,681.0,3.0,15.0,48032000.0,12000.0,192100.0,144100.0,2300000.0,100000.0,2013,9,1.0,51.3,212559417.0,12.08,183241641.0,-14.235004,-51.92528
66,43200000,37939780685,Entertainment,109871,Pakistan,Entertainment,24.0,2.0,18.0,1149000000.0,287300.0,4600000.0,3400000.0,55200000.0,900000.0,2016,7,11.0,9.0,216565318.0,4.45,79927762.0,30.375321,69.345116
68,42400000,24519022988,Shows,1218,United States,Film,74.0,20.0,5.0,670459000.0,167600.0,2700000.0,2000000.0,32200000.0,1000000.0,2014,9,17.0,88.2,328239523.0,14.7,270663028.0,37.09024,-95.712891
72,41300000,5603111948,People & Blogs,291,Mexico,People,1157.0,2.0,1.0,136745000.0,34200.0,547000.0,410200.0,6600000.0,400000.0,2016,11,16.0,40.2,126014024.0,3.42,102626859.0,23.634501,-102.552784
77,39700000,23884824160,People & Blogs,1596,United Arab Emirates,People,81.0,1.0,2.0,247731000.0,61900.0,990900.0,743200.0,11900000.0,300000.0,2017,11,6.0,36.8,9770529.0,2.35,8479744.0,23.424076,53.847818
79,39200000,3294013141,Comedy,186,India,Comedy,2487.0,21.0,2.0,78688000.0,19700.0,314800.0,236100.0,3800000.0,700000.0,2014,10,30.0,28.1,1366417754.0,5.36,471031528.0,20.593684,78.96288
80,39200000,10507474316,Music,133,United States,Music,403.0,24.0,29.0,58362000.0,14600.0,233400.0,175100.0,2800000.0,100000.0,2015,6,23.0,88.2,328239523.0,14.7,270663028.0,37.09024,-95.712891
82,39100000,16118181673,Gaming,1876,Spain,Games,188.0,1.0,4.0,264108000.0,66000.0,1100000.0,792300.0,12700000.0,800000.0,2015,7,13.0,88.9,47076781.0,13.96,37927409.0,40.463667,-3.74922
84,38900000,25154232306,Music,3043,Brazil,Music,73.0,6.0,30.0,1635000000.0,408700.0,6500000.0,4900000.0,78500000.0,100000.0,2014,8,5.0,51.3,212559417.0,12.08,183241641.0,-14.235004,-51.92528
86,38400000,21528116909,People & Blogs,982,Saudi Arabia,Games,150882.0,774.0,1454.0,1589000.0,397.0,6400.0,4800.0,76300.0,2000.0,2018,5,24.0,68.0,34268528.0,5.93,28807838.0,23.885942,45.079162
87,38300000,16718192386,Music,3532,India,Music,170.0,22.0,31.0,814756000.0,203700.0,3300000.0,2400000.0,39100000.0,400000.0,2015,8,24.0,28.1,1366417754.0,5.36,471031528.0,20.593684,78.96288
88,38200000,13598903820,Music,11,United States,Music,539848.0,2904.0,2594.0,6348.0,2.0,25.0,19.0,305.0,100.0,2016,6,26.0,88.2,328239523.0,14.7,270663028.0,37.09024,-95.712891
90,38200000,28519339489,Shows,24089,India,Entertainment,49.0,23.0,25.0,415914000.0,104000.0,1700000.0,1200000.0,20000000.0,500000.0,2014,5,9.0,28.1,1366417754.0,5.36,471031528.0,20.593684,78.96288
93,37600000,18208196857,Entertainment,743,United States,Entertainment,145.0,29.0,28.0,321026000.0,80300.0,1300000.0,963100.0,15400000.0,700000.0,2017,4,22.0,88.2,328239523.0,14.7,270663028.0,37.09024,-95.712891
94,37500000,27262462114,Entertainment,117152,Thailand,Entertainment,56.0,2.0,29.0,140754000.0,35200.0,563000.0,422300.0,6800000.0,300000.0,2013,1,10.0,49.3,69625582.0,0.75,35294600.0,15.870032,100.992541
95,37200000,16402066717,Comedy,220,India,Comedy,178.0,24.0,3.0,49861000.0,12500.0,199400.0,149600.0,2400000.0,100000.0,2017,3,20.0,28.1,1366417754.0,5.36,471031528.0,20.593684,78.96288
97,37000000,24188861917,People & Blogs,744,Brazil,Entertainment,75.0,7.0,30.0,251449000.0,62900.0,1000000.0,754300.0,12100000.0,300000.0,2015,9,6.0,51.3,212559417.0,12.08,183241641.0,-14.235004,-51.92528
106,35700000,27118354077,Music,654,Argentina,Music,58.0,2.0,37.0,302071000.0,75500.0,1200000.0,906200.0,14500000.0,400000.0,2013,6,6.0,90.0,44938712.0,9.79,41339571.0,-38.416097,-63.616672
107,35500000,15657673422,Entertainment,7566,India,Music,199.0,27.0,38.0,533793000.0,133400.0,2100000.0,1600000.0,25600000.0,900000.0,2013,1,4.0,28.1,1366417754.0,5.36,471031528.0,20.593684,78.96288
112,35200000,55299840198,Entertainment,2453,United States,Entertainment,15.0,35.0,32.0,238613000.0,59700.0,954500.0,715800.0,11500000.0,200000.0,2015,3,17.0,88.2,328239523.0,14.7,270663028.0,37.09024,-95.712891
113,34900000,25607397308,Education,617,United States,Film,69.0,36.0,7.0,335307000.0,83800.0,1300000.0,1000000.0,16100000.0,300000.0,2016,1,6.0,88.2,328239523.0,14.7,270663028.0,37.09024,-95.712891
116,34300000,12746535822,Music,679,India,Music,299.0,31.0,41.0,101357000.0,25300.0,405400.0,304100.0,4900000.0,100000.0,2016,10,22.0,28.1,1366417754.0,5.36,471031528.0,20.593684,78.96288
118,34000000,3963007415,Entertainment,2284,Indonesia,Entertainment,1882.0,1.0,33.0,547141000.0,136800.0,2200000.0,1600000.0,26300000.0,5500000.0,2017,9,7.0,36.3,270203917.0,4.69,151509724.0,-0.789275,113.921327
119,34000000,11351015824,Film & Animation,240,India,Film,360.0,32.0,8.0,179903000.0,45000.0,719600.0,539700.0,8600000.0,600000.0,2013,1,24.0,28.1,1366417754.0,5.36,471031528.0,20.593684,78.96288
122,33700000,23492684419,Gaming,3366,United States,Entertainment,83.0,37.0,35.0,210955000.0,52700.0,843800.0,632900.0,10100000.0,200000.0,2013,1,20.0,88.2,328239523.0,14.7,270663028.0,37.09024,-95.712891
126,33500000,29611914495,Entertainment,96214,Thailand,Entertainment,41.0,3.0,37.0,61307000.0,0.0,0.0,0.0,0.0,100000.0,2014,5,29.0,49.3,69625582.0,0.75,35294600.0,15.870032,100.992541
127,33500000,11405809704,Comedy,217,India,Comedy,357.0,35.0,4.0,24736000.0,6200.0,98900.0,74200.0,1200000.0,100000.0,2013,11,11.0,28.1,1366417754.0,5.36,471031528.0,20.593684,78.96288
130,33300000,5994136760,People & Blogs,2736,Indonesia,Entertainment,1043.0,2.0,34.0,157101000.0,39300.0,628400.0,471300.0,7500000.0,1900000.0,2016,1,15.0,36.3,270203917.0,4.69,151509724.0,-0.789275,113.921327
131,32800000,26355088167,Education,2122,United States,Education,64.0,39.0,10.0,127498000.0,31900.0,510000.0,382500.0,6100000.0,200000.0,2016,7,15.0,88.2,328239523.0,14.7,270663028.0,37.09024,-95.712891
137,32100000,18699145555,Music,134,Colombia,Music,140.0,3.0,46.0,465647000.0,116400.0,1900000.0,1400000.0,22400000.0,300000.0,2013,3,14.0,55.3,50339443.0,9.71,40827302.0,4.570868,-74.297333
146,31700000,21031745531,Entertainment,166,United States,Entertainment,110.0,41.0,42.0,153280000.0,38300.0,613100.0,459800.0,7400000.0,200000.0,2018,4,5.0,88.2,328239523.0,14.7,270663028.0,37.09024,-95.712891
147,31700000,2930015381,Gaming,116,United States,Games,2986.0,41.0,12.0,27022000.0,6800.0,108100.0,81100.0,1300000.0,200000.0,2014,2,8.0,88.2,328239523.0,14.7,270663028.0,37.09024,-95.712891
151,31400000,22919271731,Film & Animation,3589,United Kingdom,Education,91.0,5.0,11.0,244925000.0,61200.0,979700.0,734800.0,11800000.0,300000.0,2013,10,9.0,60.0,66834405.0,3.85,55908316.0,55.378051,-3.435973
152,31200000,9673649438,People & Blogs,65,Venezuela,Comedy,3361188.0,522.0,2270.0,3589.0,0.9,14.0,11.0,172.0,100.0,2018,12,16.0,79.3,28515829.0,8.8,25162368.0,6.42375,-66.58973
154,31200000,6187804950,Entertainment,3027,Argentina,Games,997.0,3.0,12.0,190679000.0,47700.0,762700.0,572000.0,9200000.0,1900000.0,2015,2,17.0,90.0,44938712.0,9.79,41339571.0,-38.416097,-63.616672
157,30700000,3145161634,Comedy,67,India,Entertainment,2687.0,41.0,45.0,31822000.0,8000.0,127300.0,95500.0,1500000.0,300000.0,2016,10,20.0,28.1,1366417754.0,5.36,471031528.0,20.593684,78.96288
159,30500000,4521573939,Gaming,641,Kuwait,Entertainment,1573.0,1.0,7.0,157908000.0,39500.0,631600.0,473700.0,7600000.0,1300000.0,2016,7,28.0,54.4,4207083.0,2.18,4207083.0,29.31166,47.481766
176,29200000,14727238483,Entertainment,1513,United States,Entertainment,230.0,51.0,48.0,180519000.0,0.0,0.0,0.0,0.0,1000000.0,2015,1,19.0,88.2,328239523.0,14.7,270663028.0,37.09024,-95.712891
180,28900000,17930570614,Education,555,India,Education,149.0,44.0,13.0,109828000.0,27500.0,439300.0,329500.0,5300000.0,200000.0,2014,3,13.0,28.1,1366417754.0,5.36,471031528.0,20.593684,78.96288
185,28300000,14814192034,Education,505,India,Education,223.0,45.0,14.0,288110000.0,72000.0,1200000.0,864300.0,13800000.0,800000.0,2014,3,13.0,28.1,1366417754.0,5.36,471031528.0,20.593684,78.96288
197,27400000,10336420490,People & Blogs,642,United States,Entertainment,418.0,58.0,50.0,175844000.0,44000.0,703400.0,527500.0,8400000.0,400000.0,2015,5,12.0,88.2,328239523.0,14.7,270663028.0,37.09024,-95.712891
200,27300000,7705492350,Entertainment,1259,India,Tech,707.0,48.0,2.0,102235000.0,25600.0,408900.0,306700.0,4900000.0,100000.0,2017,9,10.0,28.1,1366417754.0,5.36,471031528.0,20.593684,78.96288
202,27100000,17318452893,Entertainment,889,India,Entertainment,159.0,49.0,52.0,429692000.0,107400.0,1700000.0,1300000.0,20600000.0,700000.0,2015,9,26.0,28.1,1366417754.0,5.36,471031528.0,20.593684,78.96288
206,26700000,4388047013,People & Blogs,241,United States,Entertainment,1632.0,61.0,54.0,276187000.0,69000.0,1100000.0,828600.0,13300000.0,1200000.0,2016,4,24.0,88.2,328239523.0,14.7,270663028.0,37.09024,-95.712891
209,26500000,15065753455,News & Politics,10022,Philippines,News,219.0,3.0,5.0,163130000.0,40800.0,652500.0,489400.0,7800000.0,300000.0,2016,4,20.0,35.5,108116615.0,2.15,50975903.0,12.879721,121.774017
211,26400000,8595760553,Film & Animation,3622,India,Film,588.0,50.0,15.0,99677000.0,24900.0,398700.0,299000.0,4800000.0,400000.0,2015,7,22.0,28.1,1366417754.0,5.36,471031528.0,20.593684,78.96288
212,26400000,27006526665,Comedy,865,United States,Comedy,61.0,63.0,12.0,1046000000.0,261500.0,4200000.0,3100000.0,50200000.0,1300000.0,2020,2,3.0,88.2,328239523.0,14.7,270663028.0,37.09024,-95.712891
213,26400000,17211600007,Entertainment,967,Italy,Entertainment,158.0,1.0,55.0,1225000000.0,306400.0,4900000.0,3700000.0,58800000.0,2000000.0,2020,12,5.0,61.9,60297396.0,9.89,42651966.0,41.87194,12.56738
216,26200000,16097531087,Entertainment,5985,Japan,Entertainment,184.0,2.0,56.0,721848000.0,180500.0,2900000.0,2200000.0,34600000.0,1100000.0,2020,9,14.0,63.2,126226568.0,2.29,115782416.0,36.204824,138.252924
222,25900000,11372071889,Music,65286,Indonesia,Entertainment,358.0,5.0,60.0,230183000.0,57500.0,920700.0,690500.0,11000000.0,600000.0,2013,9,23.0,36.3,270203917.0,4.69,151509724.0,-0.789275,113.921327
226,25700000,10242981063,Music,42,United States,Music,425.0,67.0,67.0,103631000.0,25900.0,414500.0,310900.0,5000000.0,100000.0,2013,8,28.0,88.2,328239523.0,14.7,270663028.0,37.09024,-95.712891
231,25400000,6430853035,People & Blogs,3716,Indonesia,Entertainment,942.0,6.0,62.0,58487000.0,14600.0,233900.0,175500.0,2800000.0,100000.0,2015,12,27.0,36.3,270203917.0,4.69,151509724.0,-0.789275,113.921327
232,25400000,34300482066,Comedy,8775,United States,Games,29.0,69.0,18.0,815341000.0,203800.0,3300000.0,2400000.0,39100000.0,600000.0,2016,7,30.0,88.2,328239523.0,14.7,270663028.0,37.09024,-95.712891
235,25200000,11081602368,People & Blogs,2025,United States,Film,375.0,70.0,16.0,140319000.0,35100.0,561300.0,421000.0,6700000.0,300000.0,2015,3,31.0,88.2,328239523.0,14.7,270663028.0,37.09024,-95.712891
238,25200000,10409352249,News & Politics,51129,India,News,408.0,52.0,6.0,273920000.0,68500.0,1100000.0,821800.0,13100000.0,300000.0,2015,3,23.0,28.1,1366417754.0,5.36,471031528.0,20.593684,78.96288
241,25000000,14169516119,Entertainment,89179,Indonesia,Entertainment,251.0,7.0,64.0,123189000.0,30800.0,492800.0,369600.0,5900000.0,100000.0,2014,9,4.0,36.3,270203917.0,4.69,151509724.0,-0.789275,113.921327
242,25000000,14827085149,Music,147,Colombia,Music,225.0,6.0,73.0,284144000.0,71000.0,1100000.0,852400.0,13600000.0,300000.0,2016,9,8.0,55.3,50339443.0,9.71,40827302.0,4.570868,-74.297333
243,24800000,17387583720,Entertainment,1644,United Kingdom,Entertainment,157.0,9.0,66.0,331889000.0,83000.0,1300000.0,995700.0,15900000.0,500000.0,2015,10,30.0,60.0,66834405.0,3.85,55908316.0,55.378051,-3.435973
252,24400000,12385924995,Entertainment,658,United States,Entertainment,312.0,75.0,68.0,169865000.0,42500.0,679500.0,509600.0,8200000.0,400000.0,2018,12,19.0,88.2,328239523.0,14.7,270663028.0,37.09024,-95.712891
254,24300000,6608773195,Film & Animation,1667,India,Film,903.0,53.0,17.0,94853000.0,23700.0,379400.0,284600.0,4600000.0,300000.0,2014,3,25.0,28.1,1366417754.0,5.36,471031528.0,20.593684,78.96288
255,24200000,2700914170,Entertainment,67,Mexico,Entertainment,3309.0,10.0,70.0,33590000.0,8400.0,134400.0,100800.0,1600000.0,100000.0,2021,7,9.0,40.2,126014024.0,3.42,102626859.0,23.634501,-102.552784
258,24100000,10999000479,Comedy,802,Argentina,Entertainment,376.0,4.0,71.0,401512000.0,100400.0,1600000.0,1200000.0,19300000.0,600000.0,2014,1,17.0,90.0,44938712.0,9.79,41339571.0,-38.416097,-63.616672
260,24100000,56106087508,Music,23491,Turkey,Music,14.0,2.0,76.0,424815000.0,106200.0,1700000.0,1300000.0,20400000.0,200000.0,2014,1,23.0,23.9,83429615.0,13.49,63097818.0,38.963745,35.243322
264,24000000,13943030228,Comedy,901,Brazil,Comedy,252.0,13.0,14.0,761451000.0,190400.0,3000000.0,2300000.0,36500000.0,1100000.0,2020,5,18.0,51.3,212559417.0,12.08,183241641.0,-14.235004,-51.92528
267,23900000,4067878931,Entertainment,505,United States,Entertainment,1860.0,79.0,73.0,58126000.0,14500.0,232500.0,174400.0,2800000.0,100000.0,2015,12,1.0,88.2,328239523.0,14.7,270663028.0,37.09024,-95.712891
271,23800000,10414479943,Howto & Style,2425,United States,Howto,412.0,80.0,8.0,98052000.0,24500.0,392200.0,294200.0,4700000.0,100000.0,2015,9,12.0,88.2,328239523.0,14.7,270663028.0,37.09024,-95.712891
276,23700000,20289689389,Pets & Animals,769,United States,Animals,118.0,81.0,1.0,755054000.0,188800.0,3000000.0,2300000.0,36200000.0,1100000.0,2020,8,29.0,88.2,328239523.0,14.7,270663028.0,37.09024,-95.712891
278,23600000,2135644776,Entertainment,226,Mexico,People,4529.0,11.0,10.0,46862000.0,11700.0,187400.0,140600.0,2200000.0,200000.0,2014,6,9.0,40.2,126014024.0,3.42,102626859.0,23.634501,-102.552784
280,23600000,6766461070,Entertainment,552,United States,Entertainment,883.0,82.0,75.0,44542000.0,11100.0,178200.0,133600.0,2100000.0,400000.0,2013,8,30.0,88.2,328239523.0,14.7,270663028.0,37.09024,-95.712891
281,23600000,7920637200,Film & Animation,1251,United Kingdom,Film,668.0,12.0,19.0,53589000.0,13400.0,214400.0,160800.0,2600000.0,100000.0,2014,7,28.0,60.0,66834405.0,3.85,55908316.0,55.378051,-3.435973
284,23400000,9465863821,Film & Animation,6672,India,Film,493.0,56.0,20.0,367347000.0,91800.0,1500000.0,1100000.0,17600000.0,900000.0,2020,10,10.0,28.1,1366417754.0,5.36,471031528.0,20.593684,78.96288
287,23200000,2634,Science & Technology,1,United States,Entertainment,4053372.0,84.0,79.0,6589000000.0,0.0,0.0,0.0,0.0,100000.0,2016,3,15.0,88.2,328239523.0,14.7,270663028.0,37.09024,-95.712891
290,23100000,12889240875,Music,22578,India,Music,293.0,59.0,81.0,52678000.0,13200.0,210700.0,158000.0,2500000.0,100000.0,2014,8,10.0,28.1,1366417754.0,5.36,471031528.0,20.593684,78.96288
293,23100000,9299371231,Music,456,India,Music,506.0,58.0,80.0,304021000.0,76000.0,1200000.0,912100.0,14600000.0,700000.0,2016,9,27.0,28.1,1366417754.0,5.36,471031528.0,20.593684,78.96288
294,23100000,13151870846,Shows,3781,United States,Music,282.0,85.0,81.0,128448000.0,32100.0,513800.0,385300.0,6200000.0,700000.0,2013,8,30.0,88.2,328239523.0,14.7,270663028.0,37.09024,-95.712891
295,23000000,31494513067,Entertainment,2905,Germany,Comedy,34.0,1.0,15.0,756717000.0,189200.0,3000000.0,2300000.0,36300000.0,800000.0,2019,7,10.0,70.2,83132799.0,3.04,64324835.0,51.165691,10.451526
298,23000000,10939966484,Entertainment,5718,India,Music,382.0,60.0,82.0,93183000.0,23300.0,372700.0,279500.0,4500000.0,100000.0,2014,3,23.0,28.1,1366417754.0,5.36,471031528.0,20.593684,78.96288
302,22900000,13206471140,Education,1251,Mexico,Education,278.0,12.0,17.0,136821000.0,34200.0,547300.0,410500.0,6600000.0,200000.0,2018,3,19.0,40.2,126014024.0,3.42,102626859.0,23.634501,-102.552784
304,22700000,10115316784,People & Blogs,985,United States,Education,438.0,87.0,18.0,155215000.0,38800.0,620900.0,465600.0,7500000.0,300000.0,2015,9,9.0,88.2,328239523.0,14.7,270663028.0,37.09024,-95.712891
306,22600000,20847038152,People & Blogs,60964,India,Entertainment,109.0,63.0,82.0,982238000.0,245600.0,3900000.0,2900000.0,47100000.0,600000.0,2016,2,26.0,28.1,1366417754.0,5.36,471031528.0,20.593684,78.96288
307,22600000,9223534599,Comedy,495,India,Entertainment,508.0,62.0,81.0,399152000.0,99800.0,1600000.0,1200000.0,19200000.0,1400000.0,2020,6,29.0,28.1,1366417754.0,5.36,471031528.0,20.593684,78.96288
311,22600000,27084848152,People & Blogs,2321,United States,People,57.0,87.0,11.0,1174000000.0,293500.0,4700000.0,3500000.0,56300000.0,1300000.0,2021,9,28.0,88.2,328239523.0,14.7,270663028.0,37.09024,-95.712891
312,22500000,2431154438,Film & Animation,3377,India,Film,3793.0,64.0,23.0,48740000.0,12200.0,195000.0,146200.0,2300000.0,200000.0,2015,9,12.0,28.1,1366417754.0,5.36,471031528.0,20.593684,78.96288
316,22300000,8663830163,People & Blogs,34,France,Music,3805801.0,3046.0,4509.0,735.0,0.18,3.0,2.0,35.0,10.0,2019,11,3.0,65.6,67059887.0,8.43,54123364.0,46.227638,2.213749
317,22300000,24059336857,Gaming,1724,United States,Games,77.0,91.0,22.0,132110000.0,33000.0,528400.0,396300.0,6300000.0,100000.0,2013,5,24.0,88.2,328239523.0,14.7,270663028.0,37.09024,-95.712891
318,22200000,11136266461,Entertainment,999,United States,Entertainment,370.0,92.0,86.0,139333000.0,34800.0,557300.0,418000.0,6700000.0,200000.0,2015,9,25.0,88.2,328239523.0,14.7,270663028.0,37.09024,-95.712891
321,22000000,18347969186,Entertainment,6274,Japan,Entertainment,144.0,3.0,88.0,711254000.0,177800.0,2800000.0,2100000.0,34100000.0,800000.0,2021,2,13.0,63.2,126226568.0,2.29,115782416.0,36.204824,138.252924
322,21900000,4454917643,Film & Animation,301,United States,Entertainment,1620.0,94.0,88.0,184946000.0,46200.0,739800.0,554800.0,8900000.0,500000.0,2014,6,5.0,88.2,328239523.0,14.7,270663028.0,37.09024,-95.712891
323,21900000,5918314128,People & Blogs,946,United States,People,1069.0,94.0,12.0,234222000.0,58600.0,936900.0,702700.0,11200000.0,400000.0,2014,7,5.0,88.2,328239523.0,14.7,270663028.0,37.09024,-95.712891
324,21900000,15552070846,Comedy,816,United States,Comedy,204.0,91.0,16.0,687028000.0,171800.0,2700000.0,2100000.0,33000000.0,1900000.0,2014,7,9.0,88.2,328239523.0,14.7,270663028.0,37.09024,-95.712891
334,21600000,9597894786,Autos & Vehicles,2942,Brazil,Entertainment,481.0,15.0,90.0,193174000.0,48300.0,772700.0,579500.0,9300000.0,300000.0,2013,3,2.0,51.3,212559417.0,12.08,183241641.0,-14.235004,-51.92528
335,21600000,5863377051,Howto & Style,219,India,Howto,1082.0,66.0,9.0,194604000.0,48700.0,778400.0,583800.0,9300000.0,400000.0,2018,4,25.0,28.1,1366417754.0,5.36,471031528.0,20.593684,78.96288
337,21500000,5890180734,People & Blogs,51,United States,Music,1081.0,96.0,88.0,113542000.0,28400.0,454200.0,340600.0,5400000.0,200000.0,2018,4,6.0,88.2,328239523.0,14.7,270663028.0,37.09024,-95.712891
340,21500000,8409641722,Gaming,17,Chile,People,4038708.0,2889.0,7518.0,49.0,0.01,0.2,0.15,2.0,4.0,2016,7,26.0,88.5,18952038.0,7.09,16610135.0,-35.675147,-71.542969
342,21400000,6264261757,Music,114,India,Music,987.0,67.0,89.0,160690000.0,40200.0,642800.0,482100.0,7700000.0,500000.0,2017,10,30.0,28.1,1366417754.0,5.36,471031528.0,20.593684,78.96288
343,21300000,6269945014,People & Blogs,733,United States,People,982.0,98.0,15.0,160227000.0,40100.0,640900.0,480700.0,7700000.0,200000.0,2017,4,13.0,88.2,328239523.0,14.7,270663028.0,37.09024,-95.712891
345,21300000,12761253839,People & Blogs,951,India,People,301.0,68.0,16.0,729409000.0,182400.0,2900000.0,2200000.0,35000000.0,1600000.0,2016,7,27.0,28.1,1366417754.0,5.36,471031528.0,20.593684,78.96288
346,21300000,5141834668,Entertainment,1608,United States,Entertainment,1296.0,98.0,93.0,68350000.0,17100.0,273400.0,205100.0,3300000.0,200000.0,2014,8,21.0,88.2,328239523.0,14.7,270663028.0,37.09024,-95.712891
347,21300000,10047736580,Entertainment,669,India,Entertainment,436.0,67.0,92.0,236293000.0,59100.0,945200.0,708900.0,11300000.0,600000.0,2021,2,2.0,28.1,1366417754.0,5.36,471031528.0,20.593684,78.96288
348,21300000,12895427184,Entertainment,20225,India,Entertainment,291.0,67.0,92.0,561020000.0,140300.0,2200000.0,1700000.0,26900000.0,700000.0,2017,8,2.0,28.1,1366417754.0,5.36,471031528.0,20.593684,78.96288
352,21100000,4526271677,People & Blogs,2325,Indonesia,Entertainment,1583.0,8.0,94.0,26974000.0,6700.0,107900.0,80900.0,1300000.0,100000.0,2016,6,4.0,36.3,270203917.0,4.69,151509724.0,-0.789275,113.921327
354,21000000,7762905663,Entertainment,2883,Brazil,Entertainment,695.0,16.0,94.0,118410000.0,29600.0,473600.0,355200.0,5700000.0,400000.0,2015,8,26.0,51.3,212559417.0,12.08,183241641.0,-14.235004,-51.92528
355,21000000,10631638628,Entertainment,420,United States,Entertainment,398.0,100.0,95.0,80062000.0,20000.0,320200.0,240200.0,3800000.0,100000.0,2013,3,25.0,88.2,328239523.0,14.7,270663028.0,37.09024,-95.712891
357,20900000,1693149479,Education,896,India,Education,6082.0,69.0,20.0,28588000.0,7100.0,114400.0,85800.0,1400000.0,100000.0,2013,12,6.0,28.1,1366417754.0,5.36,471031528.0,20.593684,78.96288
358,20900000,3828000587,Entertainment,6262,Brazil,Entertainment,2033.0,17.0,96.0,52330000.0,13100.0,209300.0,157000.0,2500000.0,100000.0,2013,9,26.0,51.3,212559417.0,12.08,183241641.0,-14.235004,-51.92528
359,20900000,4927879069,Pets & Animals,982,United States,Animals,1396.0,100.0,2.0,2989000.0,0.0,0.0,0.0,0.0,100000.0,2014,9,8.0,88.2,328239523.0,14.7,270663028.0,37.09024,-95.712891
360,20900000,11058049885,People & Blogs,9850,United States,People,372.0,100.0,17.0,383700000.0,95900.0,1500000.0,1200000.0,18400000.0,600000.0,2020,8,18.0,88.2,328239523.0,14.7,270663028.0,37.09024,-95.712891
364,20800000,2378448129,Education,193,Germany,Education,3914.0,2.0,21.0,29269000.0,7300.0,117100.0,87800.0,1400000.0,100000.0,2013,7,9.0,70.2,83132799.0,3.04,64324835.0,51.165691,10.451526
365,20700000,17963202261,Entertainment,619,United States,Entertainment,146.0,101.0,96.0,874796000.0,218700.0,3500000.0,2600000.0,42000000.0,1000000.0,2020,9,26.0,88.2,328239523.0,14.7,270663028.0,37.09024,-95.712891
368,20700000,8658941531,People & Blogs,889,Russia,People,570.0,3.0,18.0,552266000.0,138100.0,2200000.0,1700000.0,26500000.0,1600000.0,2015,10,26.0,81.9,144373535.0,4.59,107683889.0,61.52401,105.318756
371,20600000,7657171980,Comedy,83,Argentina,Entertainment,711.0,8.0,98.0,193176000.0,48300.0,772700.0,579500.0,9300000.0,200000.0,2017,1,15.0,90.0,44938712.0,9.79,41339571.0,-38.416097,-63.616672
375,20500000,11009148579,Entertainment,296,United States,Entertainment,377.0,104.0,99.0,195203000.0,48800.0,780800.0,585600.0,9400000.0,100000.0,2017,2,9.0,88.2,328239523.0,14.7,270663028.0,37.09024,-95.712891
376,20400000,1796227417,Film & Animation,206,Brazil,Film,5673.0,19.0,24.0,39495000.0,9900.0,158000.0,118500.0,1900000.0,100000.0,2014,12,2.0,51.3,212559417.0,12.08,183241641.0,-14.235004,-51.92528
377,20400000,7311322368,People & Blogs,1006,United States,People,778.0,105.0,19.0,14646000.0,3700.0,58600.0,43900.0,703000.0,100000.0,2013,9,19.0,88.2,328239523.0,14.7,270663028.0,37.09024,-95.712891
381,20400000,3579555124,Music,239,India,Music,2236.0,70.0,94.0,41289000.0,10300.0,165200.0,123900.0,2000000.0,100000.0,2013,5,3.0,28.1,1366417754.0,5.36,471031528.0,20.593684,78.96288
382,20300000,2441288701,Entertainment,1245,United Kingdom,Entertainment,3750.0,15.0,101.0,86457000.0,21600.0,345800.0,259400.0,4100000.0,100000.0,2013,1,31.0,60.0,66834405.0,3.85,55908316.0,55.378051,-3.435973
384,20300000,11819051552,Education,875,Indonesia,Education,332.0,10.0,22.0,112768000.0,28200.0,451100.0,338300.0,5400000.0,100000.0,2019,1,14.0,36.3,270203917.0,4.69,151509724.0,-0.789275,113.921327
386,20200000,2764127969,Comedy,693,United Arab Emirates,Entertainment,3238.0,5.0,102.0,15556000.0,3900.0,62200.0,46700.0,746700.0,100000.0,2014,4,24.0,36.8,9770529.0,2.35,8479744.0,23.424076,53.847818
388,20200000,7274150246,Education,226,India,Education,780.0,71.0,23.0,113420000.0,28400.0,453700.0,340300.0,5400000.0,300000.0,2017,5,25.0,28.1,1366417754.0,5.36,471031528.0,20.593684,78.96288
389,20200000,20919403720,Comedy,1935,Latvia,Comedy,108.0,1.0,19.0,1245000000.0,311200.0,5000000.0,3700000.0,59800000.0,1200000.0,2020,3,20.0,88.1,1912789.0,6.52,1304943.0,56.879635,24.603189
390,20200000,19694265358,Comedy,761,United States,Comedy,126.0,106.0,20.0,452250000.0,113100.0,1800000.0,1400000.0,21700000.0,600000.0,2021,6,21.0,88.2,328239523.0,14.7,270663028.0,37.09024,-95.712891
391,20200000,6098644584,Gaming,3713,Indonesia,Games,1023.0,11.0,27.0,64489000.0,16100.0,258000.0,193500.0,3100000.0,200000.0,2014,3,15.0,36.3,270203917.0,4.69,151509724.0,-0.789275,113.921327
392,20100000,23353115850,Entertainment,3774,United States,Games,86.0,108.0,28.0,221702000.0,55400.0,886800.0,665100.0,10600000.0,200000.0,2013,11,3.0,88.2,328239523.0,14.7,270663028.0,37.09024,-95.712891
397,20100000,14816075927,Music,2384,United States,Music,227.0,108.0,95.0,276751000.0,69200.0,1100000.0,830300.0,13300000.0,300000.0,2013,5,25.0,88.2,328239523.0,14.7,270663028.0,37.09024,-95.712891
398,20100000,6119294270,Howto & Style,5491,United States,Howto,1014.0,108.0,12.0,105784000.0,26400.0,423100.0,317400.0,5100000.0,100000.0,2017,10,30.0,88.2,328239523.0,14.7,270663028.0,37.09024,-95.712891
408,19800000,5759442450,People & Blogs,760,United States,Entertainment,1120.0,111.0,105.0,6137000.0,1500.0,24500.0,18400.0,294600.0,100000.0,2017,12,3.0,88.2,328239523.0,14.7,270663028.0,37.09024,-95.712891
416,19600000,13930021471,Shows,18661,United States,Entertainment,257.0,112.0,106.0,274212000.0,68600.0,1100000.0,822600.0,13200000.0,300000.0,2013,11,13.0,88.2,328239523.0,14.7,270663028.0,37.09024,-95.712891
417,19600000,8779729549,Entertainment,1306,Turkey,Entertainment,562.0,3.0,107.0,110806000.0,27700.0,443200.0,332400.0,5300000.0,100000.0,2020,4,17.0,23.9,83429615.0,13.49,63097818.0,38.963745,35.243322
418,19600000,7906181776,Film & Animation,214,United States,Entertainment,656.0,112.0,106.0,2304000000.0,576000.0,9200000.0,6900000.0,110600000.0,6700000.0,2016,6,6.0,88.2,328239523.0,14.7,270663028.0,37.09024,-95.712891
420,19500000,5234251168,Entertainment,847,India,Entertainment,1265.0,74.0,108.0,59841000.0,0.0,0.0,0.0,0.0,300000.0,2014,3,14.0,28.1,1366417754.0,5.36,471031528.0,20.593684,78.96288
421,19400000,2255542592,News & Politics,4750,India,News,4178.0,74.0,8.0,32111000.0,8000.0,128400.0,96300.0,1500000.0,100000.0,2017,7,5.0,28.1,1366417754.0,5.36,471031528.0,20.593684,78.96288
422,19400000,1577859332,People & Blogs,85,Mexico,People,6674.0,14.0,22.0,2382000.0,595.0,9500.0,7100.0,114300.0,100000.0,2017,9,15.0,40.2,126014024.0,3.42,102626859.0,23.634501,-102.552784
434,19000000,4924054368,Education,60,United States,Entertainment,1399.0,116.0,111.0,21587000.0,5400.0,86300.0,64800.0,1000000.0,100000.0,2018,2,20.0,88.2,328239523.0,14.7,270663028.0,37.09024,-95.712891
435,19000000,7229175322,Howto & Style,903,Mexico,Howto,786.0,15.0,111.0,123338000.0,30800.0,493400.0,370000.0,5900000.0,200000.0,2018,1,23.0,40.2,126014024.0,3.42,102626859.0,23.634501,-102.552784
436,19000000,8281724393,Film & Animation,1525,India,Entertainment,618.0,78.0,111.0,105706000.0,26400.0,422800.0,317100.0,5100000.0,200000.0,2017,11,8.0,28.1,1366417754.0,5.36,471031528.0,20.593684,78.96288
444,18800000,5257834105,Entertainment,312,United Kingdom,Entertainment,1263.0,19.0,113.0,78158000.0,19500.0,312600.0,234500.0,3800000.0,100000.0,2015,6,14.0,60.0,66834405.0,3.85,55908316.0,55.378051,-3.435973
448,18800000,9594188708,Entertainment,530,Ukraine,Entertainment,483.0,2.0,113.0,68006000.0,17000.0,272000.0,204000.0,3300000.0,100000.0,2014,10,20.0,82.7,44385155.0,8.88,30835699.0,48.379433,31.16558
449,18800000,3276891538,Comedy,304,India,People,2508.0,79.0,24.0,109026000.0,27300.0,436100.0,327100.0,5200000.0,700000.0,2014,7,17.0,28.1,1366417754.0,5.36,471031528.0,20.593684,78.96288
454,18600000,20196704276,Music,6287,Thailand,Music,121.0,5.0,101.0,168597000.0,42100.0,674400.0,505800.0,8100000.0,100000.0,2014,1,15.0,49.3,69625582.0,0.75,35294600.0,15.870032,100.992541
455,18600000,8761255550,Gaming,6289,Saudi Arabia,Games,566.0,3.0,31.0,43007000.0,10800.0,172000.0,129000.0,2100000.0,500000.0,2013,11,29.0,68.0,34268528.0,5.93,28807838.0,23.885942,45.079162
459,18500000,8147575884,People & Blogs,493,Russia,People,630.0,5.0,25.0,48947000.0,12200.0,195800.0,146800.0,2300000.0,100000.0,2016,1,14.0,81.9,144373535.0,4.59,107683889.0,61.52401,105.318756
460,18500000,4051072188,People & Blogs,679,Indonesia,People,1868.0,13.0,25.0,197369000.0,49300.0,789500.0,592100.0,9500000.0,1600000.0,2014,1,6.0,36.3,270203917.0,4.69,151509724.0,-0.789275,113.921327
468,18300000,1556003039,Gaming,1324,United States,Games,6734.0,120.0,33.0,140261000.0,35100.0,561000.0,420800.0,6700000.0,800000.0,2016,3,21.0,88.2,328239523.0,14.7,270663028.0,37.09024,-95.712891
475,18100000,14857290259,Education,707,United States,Education,224.0,123.0,26.0,180412000.0,45100.0,721600.0,541200.0,8700000.0,300000.0,2014,1,27.0,88.2,328239523.0,14.7,270663028.0,37.09024,-95.712891
482,18000000,17921124985,Music,5692,United States,Music,148.0,123.0,104.0,257597000.0,64400.0,1000000.0,772800.0,12400000.0,100000.0,2014,7,14.0,88.2,328239523.0,14.7,270663028.0,37.09024,-95.712891
485,17900000,7176572299,People & Blogs,536,United States,People,801.0,125.0,28.0,8650000.0,2200.0,34600.0,26000.0,415200.0,100000.0,2014,12,19.0,88.2,328239523.0,14.7,270663028.0,37.09024,-95.712891
486,17900000,3841205465,People & Blogs,982,United States,Music,2014.0,125.0,106.0,51687000.0,12900.0,206700.0,155100.0,2500000.0,100000.0,2015,5,19.0,88.2,328239523.0,14.7,270663028.0,37.09024,-95.712891
487,17900000,5168721499,Entertainment,1344,Argentina,Games,1294.0,9.0,35.0,27545000.0,6900.0,110200.0,82600.0,1300000.0,100000.0,2013,4,15.0,90.0,44938712.0,9.79,41339571.0,-38.416097,-63.616672
490,17900000,9867515979,Entertainment,602,Vietnam,Entertainment,455.0,1.0,121.0,84467000.0,21100.0,337900.0,253400.0,4100000.0,100000.0,2019,11,22.0,28.5,96462106.0,2.01,35332140.0,14.058324,108.277199
494,17800000,11057945183,People & Blogs,772,India,People,378.0,83.0,29.0,431390000.0,107800.0,1700000.0,1300000.0,20700000.0,900000.0,2021,4,23.0,28.1,1366417754.0,5.36,471031528.0,20.593684,78.96288
495,17800000,8588704539,Film & Animation,26,United States,People,3976090.0,5208.0,4978.0,20708.0,5.0,83.0,62.0,994.0,2960.0,2021,11,9.0,88.2,328239523.0,14.7,270663028.0,37.09024,-95.712891
499,17700000,7912733203,People & Blogs,512,India,People,671.0,84.0,30.0,346753000.0,86700.0,1400000.0,1000000.0,16600000.0,900000.0,2018,7,18.0,28.1,1366417754.0,5.36,471031528.0,20.593684,78.96288
500,17700000,3647267655,People & Blogs,739,Indonesia,Entertainment,2169.0,17.0,122.0,48174000.0,12000.0,192700.0,144500.0,2300000.0,100000.0,2016,10,27.0,36.3,270203917.0,4.69,151509724.0,-0.789275,113.921327
505,17700000,17247584185,Film & Animation,1316,Argentina,Music,162.0,10.0,107.0,640030000.0,160000.0,2600000.0,1900000.0,30700000.0,600000.0,2013,10,18.0,90.0,44938712.0,9.79,41339571.0,-38.416097,-63.616672
508,17600000,2977741577,Howto & Style,128,China,Howto,2917.0,1.0,16.0,22354000.0,5600.0,89400.0,67100.0,1100000.0,100000.0,2017,8,22.0,50.6,1397715000.0,4.32,842933962.0,35.86166,104.195397
510,17600000,6306204566,Gaming,4702,Chile,Games,973.0,3.0,36.0,100215000.0,25100.0,400900.0,300600.0,4800000.0,500000.0,2014,2,1.0,88.5,18952038.0,7.09,16610135.0,-35.675147,-71.542969
514,17500000,7612385622,Entertainment,149,India,Entertainment,723.0,86.0,124.0,109847000.0,27500.0,439400.0,329500.0,5300000.0,300000.0,2017,9,27.0,28.1,1366417754.0,5.36,471031528.0,20.593684,78.96288
517,17400000,13043561912,Entertainment,118448,Thailand,News,286.0,8.0,11.0,235993000.0,59000.0,944000.0,708000.0,11300000.0,200000.0,2014,2,5.0,49.3,69625582.0,0.75,35294600.0,15.870032,100.992541
522,17300000,11371738047,Entertainment,4778,India,Entertainment,356.0,87.0,125.0,331944000.0,83000.0,1300000.0,995800.0,15900000.0,300000.0,2014,8,4.0,28.1,1366417754.0,5.36,471031528.0,20.593684,78.96288
528,17200000,11445492404,Education,1007,Argentina,Education,353.0,11.0,28.0,83709000.0,20900.0,334800.0,251100.0,4000000.0,100000.0,2015,3,3.0,90.0,44938712.0,9.79,41339571.0,-38.416097,-63.616672
531,17100000,9710962528,Entertainment,148225,Indonesia,Entertainment,472.0,18.0,127.0,45811000.0,11500.0,183200.0,137400.0,2200000.0,100000.0,2014,9,2.0,36.3,270203917.0,4.69,151509724.0,-0.789275,113.921327
534,17000000,1001465469,Comedy,1407,India,Entertainment,11662.0,89.0,128.0,7626000.0,1900.0,30500.0,22900.0,366100.0,100000.0,2013,3,14.0,28.1,1366417754.0,5.36,471031528.0,20.593684,78.96288
542,16900000,9544277833,People & Blogs,2337,United States,Entertainment,488.0,134.0,129.0,275264000.0,68800.0,1100000.0,825800.0,13200000.0,700000.0,2016,12,31.0,88.2,328239523.0,14.7,270663028.0,37.09024,-95.712891
543,16900000,3523578665,Nonprofits & Activism,4891,Brazil,Nonprofit,2307.0,29.0,2.0,149543000.0,37400.0,598200.0,448600.0,7200000.0,400000.0,2016,4,10.0,51.3,212559417.0,12.08,183241641.0,-14.235004,-51.92528
547,16800000,7195314800,Entertainment,502,Indonesia,Entertainment,795.0,19.0,130.0,42836000.0,10700.0,171300.0,128500.0,2100000.0,100000.0,2019,11,22.0,36.3,270203917.0,4.69,151509724.0,-0.789275,113.921327
548,16800000,3693798804,Film & Animation,1491,Brazil,Entertainment,2129.0,30.0,130.0,44121000.0,11000.0,176500.0,132400.0,2100000.0,100000.0,2013,4,2.0,51.3,212559417.0,12.08,183241641.0,-14.235004,-51.92528
557,16600000,7435180827,News & Politics,112261,India,News,749.0,91.0,12.0,59201000.0,14800.0,236800.0,177600.0,2800000.0,100000.0,2013,10,22.0,28.1,1366417754.0,5.36,471031528.0,20.593684,78.96288
560,16600000,15278668857,Entertainment,2200,Germany,Entertainment,213.0,4.0,131.0,617257000.0,154300.0,2500000.0,1900000.0,29600000.0,900000.0,2021,5,6.0,70.2,83132799.0,3.04,64324835.0,51.165691,10.451526
562,16500000,2440934034,Entertainment,421,United States,Entertainment,3778.0,137.0,133.0,21953000.0,5500.0,87800.0,65900.0,1100000.0,200000.0,2014,3,9.0,88.2,328239523.0,14.7,270663028.0,37.09024,-95.712891
575,16300000,6613422635,Music,80,United States,Music,906.0,139.0,117.0,42704000.0,10700.0,170800.0,128100.0,2000000.0,100000.0,2015,8,11.0,88.2,328239523.0,14.7,270663028.0,37.09024,-95.712891
580,16300000,1656452554,Gaming,989,United States,Games,6274.0,138.0,40.0,17944000.0,4500.0,71800.0,53800.0,861300.0,200000.0,2013,10,28.0,88.2,328239523.0,14.7,270663028.0,37.09024,-95.712891
586,16200000,9763592867,Music,3943,Vietnam,Film,462.0,2.0,30.0,256733000.0,64200.0,1000000.0,770200.0,12300000.0,200000.0,2014,1,14.0,28.5,96462106.0,2.01,35332140.0,14.058324,108.277199
589,16200000,14784781923,People & Blogs,189,United States,People,153622.0,1776.0,1495.0,37911.0,9.0,152.0,114.0,1800.0,1000.0,2020,9,12.0,88.2,328239523.0,14.7,270663028.0,37.09024,-95.712891
597,16100000,6872702790,Entertainment,671,United States,Entertainment,851.0,140.0,136.0,399807000.0,100000.0,1600000.0,1200000.0,19200000.0,300000.0,2015,7,15.0,88.2,328239523.0,14.7,270663028.0,37.09024,-95.712891
606,16000000,5997599089,Film & Animation,344,Mexico,Film,1048.0,23.0,31.0,112393000.0,28100.0,449600.0,337200.0,5400000.0,200000.0,2017,9,7.0,40.2,126014024.0,3.42,102626859.0,23.634501,-102.552784
610,15900000,6534326412,Gaming,4906,Argentina,Games,919.0,12.0,43.0,64085000.0,16000.0,256300.0,192300.0,3100000.0,200000.0,2014,9,8.0,90.0,44938712.0,9.79,41339571.0,-38.416097,-63.616672
612,15900000,9052367553,Gaming,796,United States,People,530.0,142.0,40.0,164895000.0,41200.0,659600.0,494700.0,7900000.0,200000.0,2016,5,1.0,88.2,328239523.0,14.7,270663028.0,37.09024,-95.712891
614,15800000,1349288771,Education,633,India,Education,8066.0,95.0,31.0,24056000.0,6000.0,96200.0,72200.0,1200000.0,200000.0,2016,12,13.0,28.1,1366417754.0,5.36,471031528.0,20.593684,78.96288
616,15800000,4122634467,People & Blogs,542,Indonesia,Comedy,1816.0,22.0,26.0,71870000.0,18000.0,287500.0,215600.0,3400000.0,100000.0,2017,1,18.0,36.3,270203917.0,4.69,151509724.0,-0.789275,113.921327
619,15700000,5914071870,Music,79,India,Music,1071.0,97.0,121.0,141842000.0,35500.0,567400.0,425500.0,6800000.0,300000.0,2017,7,8.0,28.1,1366417754.0,5.36,471031528.0,20.593684,78.96288
622,15700000,5558051295,Music,1640,India,Music,1174.0,97.0,121.0,86450000.0,21600.0,345800.0,259300.0,4100000.0,100000.0,2014,5,20.0,28.1,1366417754.0,5.36,471031528.0,20.593684,78.96288
623,15700000,8696631898,Entertainment,7090,United States,Entertainment,569.0,144.0,139.0,335111000.0,83800.0,1300000.0,1000000.0,16100000.0,1200000.0,2016,10,3.0,88.2,328239523.0,14.7,270663028.0,37.09024,-95.712891
629,15500000,8984089026,People & Blogs,598,Mexico,Education,538.0,24.0,32.0,90012000.0,22500.0,360000.0,270000.0,4300000.0,100000.0,2017,1,13.0,40.2,126014024.0,3.42,102626859.0,23.634501,-102.552784
632,15500000,7776706184,Education,359,India,Education,687.0,98.0,32.0,167888000.0,42000.0,671600.0,503700.0,8100000.0,300000.0,2016,6,13.0,28.1,1366417754.0,5.36,471031528.0,20.593684,78.96288
633,15500000,8265129639,Shows,1021,Saudi Arabia,Film,619.0,4.0,33.0,135036000.0,33800.0,540100.0,405100.0,6500000.0,300000.0,2017,5,16.0,68.0,34268528.0,5.93,28807838.0,23.885942,45.079162
636,15500000,12714141740,Entertainment,1525,India,Entertainment,300.0,99.0,141.0,139123000.0,34800.0,556500.0,417400.0,6700000.0,200000.0,2017,4,9.0,28.1,1366417754.0,5.36,471031528.0,20.593684,78.96288
638,15500000,4499826716,Howto & Style,5183,Egypt,Howto,1597.0,1.0,22.0,32916000.0,8200.0,131700.0,98700.0,1600000.0,100000.0,2017,12,8.0,35.2,100388073.0,10.76,42895824.0,26.820553,30.802498
639,15400000,1781226000,Comedy,165,India,Comedy,5724.0,100.0,27.0,27963000.0,7000.0,111900.0,83900.0,1300000.0,100000.0,2015,5,6.0,28.1,1366417754.0,5.36,471031528.0,20.593684,78.96288
640,15400000,11513738907,Gaming,379,United Arab Emirates,Entertainment,349.0,6.0,141.0,80172000.0,20000.0,320700.0,240500.0,3800000.0,200000.0,2018,7,18.0,36.8,9770529.0,2.35,8479744.0,23.424076,53.847818
641,15400000,1543608082,Gaming,1647,United States,Games,6793.0,147.0,45.0,55369000.0,13800.0,221500.0,166100.0,2700000.0,100000.0,2016,7,14.0,88.2,328239523.0,14.7,270663028.0,37.09024,-95.712891
645,15400000,4909687948,Music,21,United States,Music,1401.0,147.0,124.0,36790000.0,9200.0,147200.0,110400.0,1800000.0,100000.0,2016,1,26.0,88.2,328239523.0,14.7,270663028.0,37.09024,-95.712891
650,15300000,9938811455,People & Blogs,2175,Russia,People,441.0,8.0,42.0,475565000.0,118900.0,1900000.0,1400000.0,22800000.0,800000.0,2021,4,1.0,81.9,144373535.0,4.59,107683889.0,61.52401,105.318756
652,15200000,857725714,People & Blogs,194,India,Film,13929.0,100.0,35.0,65380000.0,16300.0,261500.0,196100.0,3100000.0,1300000.0,2017,10,15.0,28.1,1366417754.0,5.36,471031528.0,20.593684,78.96288
653,15200000,4503880875,Comedy,106,India,Comedy,1593.0,102.0,28.0,98329000.0,24600.0,393300.0,295000.0,4700000.0,200000.0,2015,3,14.0,28.1,1366417754.0,5.36,471031528.0,20.593684,78.96288
656,15200000,7151683497,Entertainment,11099,India,Entertainment,794.0,102.0,144.0,210909000.0,52700.0,843600.0,632700.0,10100000.0,300000.0,2014,5,2.0,28.1,1366417754.0,5.36,471031528.0,20.593684,78.96288
663,15100000,2143140898,Education,3810,Indonesia,Entertainment,4520.0,24.0,144.0,17231000.0,4300.0,68900.0,51700.0,827100.0,100000.0,2017,1,16.0,36.3,270203917.0,4.69,151509724.0,-0.789275,113.921327
666,15100000,3060202847,People & Blogs,1037,United States,People,2796.0,149.0,43.0,43409000.0,10900.0,173600.0,130200.0,2100000.0,200000.0,2013,1,12.0,88.2,328239523.0,14.7,270663028.0,37.09024,-95.712891
670,15100000,5324913850,People & Blogs,753,Egypt,Entertainment,1242.0,2.0,145.0,46060000.0,11500.0,184200.0,138200.0,2200000.0,100000.0,2014,10,31.0,35.2,100388073.0,10.76,42895824.0,26.820553,30.802498
671,15100000,6668507856,Gaming,3733,Russia,Games,894.0,10.0,47.0,95603000.0,23900.0,382400.0,286800.0,4600000.0,100000.0,2013,6,24.0,81.9,144373535.0,4.59,107683889.0,61.52401,105.318756
673,15100000,9477021288,Comedy,921,Argentina,Comedy,491.0,13.0,28.0,512343000.0,128100.0,2000000.0,1500000.0,24600000.0,700000.0,2016,8,2.0,90.0,44938712.0,9.79,41339571.0,-38.416097,-63.616672
675,15100000,13897932103,Entertainment,2717,Russia,Entertainment,256.0,9.0,143.0,713509000.0,178400.0,2900000.0,2100000.0,34200000.0,700000.0,2020,1,24.0,81.9,144373535.0,4.59,107683889.0,61.52401,105.318756
677,15000000,4352427049,Gaming,2324,United Kingdom,Games,1663.0,25.0,47.0,250995000.0,62700.0,1000000.0,753000.0,12000000.0,600000.0,2013,5,6.0,60.0,66834405.0,3.85,55908316.0,55.378051,-3.435973
678,15000000,9924103188,People & Blogs,899,India,People,457.0,104.0,45.0,113572000.0,28400.0,454300.0,340700.0,5500000.0,400000.0,2014,8,17.0,28.1,1366417754.0,5.36,471031528.0,20.593684,78.96288
682,15000000,4008801873,Entertainment,724,Mexico,Entertainment,1907.0,26.0,146.0,33880000.0,8500.0,135500.0,101600.0,1600000.0,100000.0,2014,11,17.0,40.2,126014024.0,3.42,102626859.0,23.634501,-102.552784
686,15000000,8658553456,Entertainment,965,India,Entertainment,577.0,103.0,145.0,102357000.0,25600.0,409400.0,307100.0,4900000.0,200000.0,2016,10,9.0,28.1,1366417754.0,5.36,471031528.0,20.593684,78.96288
687,15000000,9978734160,Music,2726,India,Music,439.0,103.0,127.0,242185000.0,60500.0,968700.0,726600.0,11600000.0,300000.0,2014,8,6.0,28.1,1366417754.0,5.36,471031528.0,20.593684,78.96288
690,15000000,11827310821,News & Politics,269050,Indonesia,News,331.0,25.0,17.0,113064000.0,28300.0,452300.0,339200.0,5400000.0,100000.0,2013,8,23.0,36.3,270203917.0,4.69,151509724.0,-0.789275,113.921327
691,15000000,13562853889,Comedy,1788,Japan,Comedy,277.0,5.0,29.0,282372000.0,70600.0,1100000.0,847100.0,13600000.0,900000.0,2014,7,23.0,63.2,126226568.0,2.29,115782416.0,36.204824,138.252924
693,15000000,8932038210,Entertainment,3168,India,Entertainment,544.0,104.0,146.0,130731000.0,32700.0,522900.0,392200.0,6300000.0,200000.0,2017,4,7.0,28.1,1366417754.0,5.36,471031528.0,20.593684,78.96288
712,14800000,272678287,People & Blogs,34,Germany,Games,3968552.0,2600.0,4443.0,37883.0,9.0,152.0,114.0,1800.0,3580.0,2015,1,31.0,70.2,83132799.0,3.04,64324835.0,51.165691,10.451526
719,14700000,4029253667,Education,43564,India,Education,1879.0,106.0,36.0,74483000.0,18600.0,297900.0,223400.0,3600000.0,200000.0,2015,6,22.0,28.1,1366417754.0,5.36,471031528.0,20.593684,78.96288
723,14700000,12362331529,Entertainment,23490,India,Entertainment,310.0,105.0,148.0,347603000.0,86900.0,1400000.0,1000000.0,16700000.0,400000.0,2013,11,28.0,28.1,1366417754.0,5.36,471031528.0,20.593684,78.96288
725,14700000,4684983333,Music,3978,Brazil,Entertainment,1501.0,39.0,149.0,40975000.0,10200.0,163900.0,122900.0,2000000.0,100000.0,2014,5,27.0,51.3,212559417.0,12.08,183241641.0,-14.235004,-51.92528
726,14600000,2613197447,Entertainment,490,Ecuador,Entertainment,3458.0,1.0,150.0,16409000.0,4100.0,65600.0,49200.0,787600.0,100000.0,2014,12,29.0,44.9,17373662.0,3.97,11116711.0,-1.831239,-78.183406
732,14600000,11182302317,Music,1206,Brazil,Music,369.0,40.0,131.0,109865000.0,27500.0,439500.0,329600.0,5300000.0,100000.0,2014,8,19.0,51.3,212559417.0,12.08,183241641.0,-14.235004,-51.92528
734,14600000,2750902766,Howto & Style,603,Mexico,Music,3248.0,27.0,131.0,50677000.0,12700.0,202700.0,152000.0,2400000.0,100000.0,2014,6,24.0,40.2,126014024.0,3.42,102626859.0,23.634501,-102.552784
735,14600000,5525773746,Comedy,560,India,Film,1185.0,106.0,38.0,139116000.0,34800.0,556500.0,417300.0,6700000.0,500000.0,2019,10,28.0,28.1,1366417754.0,5.36,471031528.0,20.593684,78.96288
745,14500000,6290721701,Music,4790,India,Music,981.0,107.0,132.0,48447000.0,12100.0,193800.0,145300.0,2300000.0,200000.0,2016,10,28.0,28.1,1366417754.0,5.36,471031528.0,20.593684,78.96288
748,14500000,10303519926,People & Blogs,293516,India,News,414.0,106.0,18.0,418474000.0,104600.0,1700000.0,1300000.0,20100000.0,700000.0,2018,11,19.0,28.1,1366417754.0,5.36,471031528.0,20.593684,78.96288
753,14400000,600154268,Entertainment,364,South Korea,Entertainment,21132.0,14.0,151.0,1370000.0,342.0,5500.0,4100.0,65700.0,300000.0,2017,3,8.0,94.3,51709098.0,4.15,42106719.0,35.907757,127.766922
754,14400000,2224121890,Gaming,3086,India,Games,4292.0,107.0,52.0,13891000.0,3500.0,55600.0,41700.0,666800.0,100000.0,2017,9,1.0,28.1,1366417754.0,5.36,471031528.0,20.593684,78.96288
761,14400000,4156427797,People & Blogs,1838,India,People,1793.0,107.0,47.0,70409000.0,17600.0,281600.0,211200.0,3400000.0,200000.0,2014,4,19.0,28.1,1366417754.0,5.36,471031528.0,20.593684,78.96288
765,14400000,8011977288,Entertainment,5628,India,Entertainment,647.0,108.0,152.0,212639000.0,53200.0,850600.0,637900.0,10200000.0,200000.0,2020,10,24.0,28.1,1366417754.0,5.36,471031528.0,20.593684,78.96288
768,14400000,18515587421,Entertainment,101401,India,Entertainment,142.0,108.0,152.0,149799000.0,37400.0,599200.0,449400.0,7200000.0,100000.0,2018,2,13.0,28.1,1366417754.0,5.36,471031528.0,20.593684,78.96288
769,14300000,4776507159,People & Blogs,576,United States,Entertainment,1452.0,158.0,153.0,413774.0,103.0,1700.0,1200.0,19900.0,100000.0,2014,7,8.0,88.2,328239523.0,14.7,270663028.0,37.09024,-95.712891
773,14200000,6973932553,Entertainment,60,Ukraine,Entertainment,3739171.0,2460.0,4686.0,105.0,0.03,0.42,0.32,5.0,10.0,2016,8,3.0,82.7,44385155.0,8.88,30835699.0,48.379433,31.16558
775,14200000,2084791147,Gaming,342,United Kingdom,Games,4696.0,27.0,55.0,54291000.0,13600.0,217200.0,162900.0,2600000.0,200000.0,2015,12,24.0,60.0,66834405.0,3.85,55908316.0,55.378051,-3.435973
776,14200000,3920559552,Gaming,1300,Mexico,Games,1971.0,28.0,54.0,44575000.0,11100.0,178300.0,133700.0,2100000.0,200000.0,2016,1,13.0,40.2,126014024.0,3.42,102626859.0,23.634501,-102.552784
777,14200000,6554000320,Education,433,India,Education,912.0,110.0,37.0,141688000.0,35400.0,566800.0,425100.0,6800000.0,300000.0,2014,3,13.0,28.1,1366417754.0,5.36,471031528.0,20.593684,78.96288
780,14200000,10238593147,Comedy,872,India,Comedy,422.0,110.0,33.0,367898000.0,92000.0,1500000.0,1100000.0,17700000.0,400000.0,2018,6,4.0,28.1,1366417754.0,5.36,471031528.0,20.593684,78.96288
786,14100000,5129529846,Music,3,Australia,People,4032620.0,3671.0,7629.0,147.0,0.04,0.59,0.44,7.0,1.0,2015,11,4.0,113.1,25766605.0,5.27,21844756.0,-25.274398,133.775136
788,14100000,6036496916,Entertainment,2854,Indonesia,Entertainment,1029.0,27.0,154.0,176062000.0,44000.0,704200.0,528200.0,8500000.0,400000.0,2016,1,6.0,36.3,270203917.0,4.69,151509724.0,-0.789275,113.921327
795,14000000,4674164601,People & Blogs,651,Mexico,Entertainment,1504.0,29.0,156.0,26783000.0,6700.0,107100.0,80300.0,1300000.0,100000.0,2014,12,30.0,40.2,126014024.0,3.42,102626859.0,23.634501,-102.552784
796,14000000,7719743112,Gaming,2210,Russia,Games,703.0,12.0,56.0,150570000.0,37600.0,602300.0,451700.0,7200000.0,200000.0,2013,10,26.0,81.9,144373535.0,4.59,107683889.0,61.52401,105.318756
799,14000000,18917687143,People & Blogs,41117,United States,Animals,136.0,159.0,3.0,1364000000.0,340900.0,5500000.0,4100000.0,65500000.0,1100000.0,2014,8,22.0,88.2,328239523.0,14.7,270663028.0,37.09024,-95.712891
800,14000000,13542939513,People & Blogs,9652,India,Comedy,268.0,111.0,34.0,133584000.0,33400.0,534300.0,400800.0,6400000.0,100000.0,2015,7,14.0,28.1,1366417754.0,5.36,471031528.0,20.593684,78.96288
802,14000000,5094050461,Entertainment,1307,Brazil,People,1327.0,44.0,48.0,68058000.0,17000.0,272200.0,204200.0,3300000.0,100000.0,2015,8,30.0,51.3,212559417.0,12.08,183241641.0,-14.235004,-51.92528
814,13800000,2224911030,Entertainment,173,United States,Entertainment,4285.0,161.0,157.0,99654000.0,24900.0,398600.0,299000.0,4800000.0,300000.0,2015,1,3.0,88.2,328239523.0,14.7,270663028.0,37.09024,-95.712891
817,13800000,2480957682,Gaming,1952,Netherlands,Games,3690.0,4.0,58.0,55122000.0,13800.0,220500.0,165400.0,2600000.0,200000.0,2017,7,2.0,85.0,17332850.0,3.2,15924729.0,52.132633,5.291266
818,13800000,5019136690,People & Blogs,520,Mexico,Howto,1361.0,30.0,28.0,26519000.0,6600.0,106100.0,79600.0,1300000.0,100000.0,2019,3,13.0,40.2,126014024.0,3.42,102626859.0,23.634501,-102.552784
820,13800000,6646953396,Shows,1505,India,Education,898.0,112.0,38.0,78651000.0,19700.0,314600.0,236000.0,3800000.0,100000.0,2014,11,17.0,28.1,1366417754.0,5.36,471031528.0,20.593684,78.96288
822,13700000,1967930734,Comedy,696,Brazil,Entertainment,5035.0,47.0,159.0,87804000.0,22000.0,351200.0,263400.0,4200000.0,200000.0,2015,2,6.0,51.3,212559417.0,12.08,183241641.0,-14.235004,-51.92528
823,13700000,1973638757,Entertainment,975,India,Film,5047.0,113.0,41.0,37648000.0,9400.0,150600.0,112900.0,1800000.0,100000.0,2013,10,12.0,28.1,1366417754.0,5.36,471031528.0,20.593684,78.96288
825,13700000,9596430464,Comedy,1040,India,Comedy,487.0,113.0,36.0,379240000.0,94800.0,1500000.0,1100000.0,18200000.0,600000.0,2021,8,15.0,28.1,1366417754.0,5.36,471031528.0,20.593684,78.96288
832,13600000,2122062016,Gaming,368,Spain,Games,4572.0,16.0,60.0,47436000.0,11900.0,189700.0,142300.0,2300000.0,200000.0,2014,1,2.0,88.9,47076781.0,13.96,37927409.0,40.463667,-3.74922
836,13600000,5141201173,Education,1097,India,Film,1303.0,114.0,42.0,10764000.0,2700.0,43100.0,32300.0,516700.0,100000.0,2016,12,25.0,28.1,1366417754.0,5.36,471031528.0,20.593684,78.96288
842,13500000,5380132790,Entertainment,19,United Kingdom,Music,3767960.0,2492.0,3189.0,1615.0,0.4,6.0,5.0,78.0,130.0,2015,3,24.0,60.0,66834405.0,3.85,55908316.0,55.378051,-3.435973
844,13500000,8265920659,Entertainment,1403,Ukraine,People,620.0,4.0,52.0,75162000.0,18800.0,300600.0,225500.0,3600000.0,100000.0,2016,3,21.0,82.7,44385155.0,8.88,30835699.0,48.379433,31.16558
845,13500000,3912334359,Entertainment,1793,India,Games,1954.0,114.0,60.0,179232000.0,44800.0,716900.0,537700.0,8600000.0,400000.0,2015,4,29.0,28.1,1366417754.0,5.36,471031528.0,20.593684,78.96288
846,13500000,11717217293,Comedy,975,United Kingdom,Entertainment,333.0,29.0,160.0,495561000.0,123900.0,2000000.0,1500000.0,23800000.0,400000.0,2013,3,30.0,60.0,66834405.0,3.85,55908316.0,55.378051,-3.435973
847,13500000,7958771872,Entertainment,1357,India,Entertainment,663.0,116.0,162.0,109813000.0,27500.0,439300.0,329400.0,5300000.0,300000.0,2019,3,22.0,28.1,1366417754.0,5.36,471031528.0,20.593684,78.96288
859,13400000,10022557589,People & Blogs,319,United States,People,433.0,165.0,52.0,397715000.0,99400.0,1600000.0,1200000.0,19100000.0,500000.0,2014,6,1.0,88.2,328239523.0,14.7,270663028.0,37.09024,-95.712891
867,13300000,6482687220,People & Blogs,608,Russia,Entertainment,927.0,13.0,163.0,90241000.0,22600.0,361000.0,270700.0,4300000.0,100000.0,2015,10,4.0,81.9,144373535.0,4.59,107683889.0,61.52401,105.318756
873,13300000,4129249415,Gaming,1640,Saudi Arabia,Games,1818.0,7.0,63.0,70712000.0,17700.0,282800.0,212100.0,3400000.0,200000.0,2013,8,20.0,68.0,34268528.0,5.93,28807838.0,23.885942,45.079162
874,13300000,6412313570,Gaming,1749,Canada,Entertainment,949.0,12.0,163.0,5387000.0,1300.0,21500.0,16200.0,258600.0,100000.0,2015,5,8.0,68.9,36991981.0,5.56,30628482.0,56.130366,-106.346771
875,13200000,9884886099,Entertainment,538,United States,Entertainment,454.0,167.0,163.0,319647000.0,79900.0,1300000.0,958900.0,15300000.0,500000.0,2021,2,20.0,88.2,328239523.0,14.7,270663028.0,37.09024,-95.712891
876,13200000,1148422000,Entertainment,192,Russia,Entertainment,9855.0,13.0,163.0,8769000.0,2200.0,35100.0,26300.0,420900.0,200000.0,2019,1,10.0,81.9,144373535.0,4.59,107683889.0,61.52401,105.318756
881,13200000,5224764969,Entertainment,413,Brazil,Entertainment,1269.0,49.0,164.0,64517000.0,16100.0,258100.0,193600.0,3100000.0,100000.0,2018,1,17.0,51.3,212559417.0,12.08,183241641.0,-14.235004,-51.92528
885,13200000,1138262456,Science & Technology,1022,India,Tech,9955.0,118.0,17.0,18518000.0,4600.0,74100.0,55600.0,888900.0,100000.0,2015,11,17.0,28.1,1366417754.0,5.36,471031528.0,20.593684,78.96288
887,13100000,2182651464,Entertainment,33,United States,People,4051001.0,7683.0,7670.0,248.0,0.06,0.99,0.74,12.0,1.0,2022,6,27.0,88.2,328239523.0,14.7,270663028.0,37.09024,-95.712891
893,13100000,2555801802,People & Blogs,1077,Brazil,People,3545.0,50.0,56.0,43990000.0,11000.0,176000.0,132000.0,2100000.0,100000.0,2015,11,6.0,51.3,212559417.0,12.08,183241641.0,-14.235004,-51.92528
894,13100000,4214172991,Film & Animation,1365,Brazil,Film,1770.0,49.0,43.0,27340000.0,6800.0,109400.0,82000.0,1300000.0,100000.0,2014,5,6.0,51.3,212559417.0,12.08,183241641.0,-14.235004,-51.92528
895,13100000,4399833602,People & Blogs,435,United States,Howto,1650.0,169.0,34.0,60661000.0,15200.0,242600.0,182000.0,2900000.0,100000.0,2017,2,15.0,88.2,328239523.0,14.7,270663028.0,37.09024,-95.712891
897,13100000,2879263916,People & Blogs,1444,Ecuador,Games,3044.0,2.0,65.0,62909000.0,15700.0,251600.0,188700.0,3000000.0,300000.0,2016,7,16.0,44.9,17373662.0,3.97,11116711.0,-1.831239,-78.183406
903,13000000,10664585,Entertainment,29,Indonesia,Entertainment,772571.0,31.0,166.0,2292000000.0,0.0,0.0,0.0,0.0,300000.0,2016,1,20.0,36.3,270203917.0,4.69,151509724.0,-0.789275,113.921327
904,13000000,1698279553,Music,409,France,Music,6059.0,3.0,143.0,30471000.0,7600.0,121900.0,91400.0,1500000.0,100000.0,2015,3,18.0,65.6,67059887.0,8.43,54123364.0,46.227638,2.213749
906,13000000,8739174649,Gaming,510,South Korea,Games,553.0,15.0,65.0,1081000000.0,270300.0,4300000.0,3200000.0,51900000.0,1000000.0,2020,7,7.0,94.3,51709098.0,4.15,42106719.0,35.907757,127.766922
909,13000000,6270909026,Entertainment,1299,Mexico,Entertainment,969.0,31.0,165.0,368437000.0,92100.0,1500000.0,1100000.0,17700000.0,600000.0,2017,3,18.0,40.2,126014024.0,3.42,102626859.0,23.634501,-102.552784
912,12900000,2112274210,People & Blogs,4712,Brazil,People,4602.0,52.0,58.0,31796000.0,7900.0,127200.0,95400.0,1500000.0,100000.0,2013,1,19.0,51.3,212559417.0,12.08,183241641.0,-14.235004,-51.92528
916,12900000,3643698504,Entertainment,1598,United States,Entertainment,2177.0,171.0,167.0,29379000.0,7300.0,117500.0,88100.0,1400000.0,100000.0,2014,1,2.0,88.2,328239523.0,14.7,270663028.0,37.09024,-95.712891
921,12900000,5585085130,Shows,1255,Ukraine,Entertainment,1164.0,6.0,166.0,71118000.0,17800.0,284500.0,213400.0,3400000.0,200000.0,2014,7,17.0,82.7,44385155.0,8.88,30835699.0,48.379433,31.16558
925,12800000,6662288136,Music,323,Spain,Education,896.0,17.0,44.0,53988000.0,13500.0,216000.0,162000.0,2600000.0,100000.0,2013,3,26.0,88.9,47076781.0,13.96,37927409.0,40.463667,-3.74922
928,12800000,9502983550,Comedy,681,United States,Comedy,492.0,171.0,39.0,228951000.0,57200.0,915800.0,686900.0,11000000.0,200000.0,2015,10,4.0,88.2,328239523.0,14.7,270663028.0,37.09024,-95.712891
929,12800000,7876740921,Education,2044,India,Education,670.0,120.0,45.0,213738000.0,53400.0,855000.0,641200.0,10300000.0,300000.0,2020,4,23.0,28.1,1366417754.0,5.36,471031528.0,20.593684,78.96288
937,12700000,9927699419,Music,119,United States,Film,270216.0,1944.0,1473.0,472367.0,118.0,1900.0,1400.0,22700.0,1000.0,2020,11,7.0,88.2,328239523.0,14.7,270663028.0,37.09024,-95.712891
938,12700000,13174393401,Entertainment,142,United States,Music,279.0,173.0,147.0,169968000.0,42500.0,679900.0,509900.0,8200000.0,100000.0,2015,1,4.0,88.2,328239523.0,14.7,270663028.0,37.09024,-95.712891
939,12700000,4733873025,Howto & Style,812,United States,Howto,1472.0,173.0,36.0,43868000.0,11000.0,175500.0,131600.0,2100000.0,100000.0,2017,6,1.0,88.2,328239523.0,14.7,270663028.0,37.09024,-95.712891
943,12700000,1714955279,People & Blogs,252,Colombia,People,5821.0,11.0,57.0,327600000.0,81900.0,1300000.0,982800.0,15700000.0,1500000.0,2015,12,3.0,55.3,50339443.0,9.71,40827302.0,4.570868,-74.297333
944,12600000,3303595310,Gaming,825,United Kingdom,Entertainment,2491.0,32.0,170.0,58838000.0,14700.0,235400.0,176500.0,2800000.0,100000.0,2014,6,10.0,60.0,66834405.0,3.85,55908316.0,55.378051,-3.435973
956,12500000,2983799729,Howto & Style,1076,United States,Entertainment,2892.0,175.0,171.0,111252000.0,27800.0,445000.0,333800.0,5300000.0,200000.0,2014,2,28.0,88.2,328239523.0,14.7,270663028.0,37.09024,-95.712891
963,12500000,10384848759,Entertainment,1699,India,Entertainment,413.0,123.0,171.0,235715000.0,58900.0,942900.0,707100.0,11300000.0,400000.0,2017,1,18.0,28.1,1366417754.0,5.36,471031528.0,20.593684,78.96288
965,12500000,11691081301,Entertainment,11907,India,Entertainment,337.0,122.0,170.0,180021000.0,45000.0,720100.0,540100.0,8600000.0,100000.0,2015,8,19.0,28.1,1366417754.0,5.36,471031528.0,20.593684,78.96288
971,12400000,7597013023,Comedy,398,United States,Comedy,720.0,176.0,43.0,903672000.0,225900.0,3600000.0,2700000.0,43400000.0,1200000.0,2019,3,24.0,88.2,328239523.0,14.7,270663028.0,37.09024,-95.712891
985,12400000,2315226648,Howto & Style,729,India,Howto,4042.0,124.0,38.0,30968000.0,7700.0,123900.0,92900.0,1500000.0,100000.0,2016,8,10.0,28.1,1366417754.0,5.36,471031528.0,20.593684,78.96288
989,12400000,4779139505,Education,1340,United States,Games,1442.0,175.0,68.0,177600000.0,44400.0,710400.0,532800.0,8500000.0,400000.0,2016,4,6.0,88.2,328239523.0,14.7,270663028.0,37.09024,-95.712891
991,12300000,9029609749,Sports,1200,Brazil,Entertainment,525.0,55.0,172.0,552513000.0,138100.0,2200000.0,1700000.0,26500000.0,700000.0,2017,2,12.0,51.3,212559417.0,12.08,183241641.0,-14.235004,-51.92528
992,12300000,1674409945,People & Blogs,1500,India,Games,6141.0,125.0,69.0,64735000.0,16200.0,258900.0,194200.0,3100000.0,300000.0,2018,9,14.0,28.1,1366417754.0,5.36,471031528.0,20.593684,78.96288
995,12300000,2129773714,Comedy,62,India,Comedy,4568.0,125.0,44.0,24000000.0,6000.0,96000.0,72000.0,1200000.0,100000.0,2017,8,1.0,28.1,1366417754.0,5.36,471031528.0,20.593684,78.96288
